<?xml version="1.0" encoding="UTF-8"?>
<project-private xmlns="http://www.netbeans.org/ns/project-private/1">
    <editor-bookmarks xmlns="http://www.netbeans.org/ns/editor-bookmarks/2" lastBookmarkId="0"/>
    <open-files xmlns="http://www.netbeans.org/ns/projectui-open-files/2">
        <group>
            <file>file:/D:/ASUS/Nueva%20carpeta%20(2)/NetBeansProjects/taller06-JoseCordova11/src/paquete2/Principal.java</file>
            <file>file:/D:/ASUS/Nueva%20carpeta%20(2)/NetBeansProjects/taller06-JoseCordova11/src/paquete1/Hospitales.java</file>
            <file>file:/D:/ASUS/Nueva%20carpeta%20(2)/NetBeansProjects/taller06-JoseCordova11/src/paquete1/Ciudad.java</file>
            <file>file:/D:/ASUS/Nueva%20carpeta%20(2)/NetBeansProjects/taller06-JoseCordova11/src/paquete1/Enfermero.java</file>
            <file>file:/D:/ASUS/Nueva%20carpeta%20(2)/NetBeansProjects/taller06-JoseCordova11/src/paquete1/Medico.java</file>
        </group>
    </open-files>
</project-private>
